{
  "judge": {
    "count": 22,
    "mean_ms": 1161.7727650948589,
    "p50_ms": 1105.6642499752343,
    "p95_ms": 1662.80699998606
  },
  "llm": {
    "count": 27,
    "mean_ms": 1417.1982407807027,
    "p50_ms": 1158.8519579963759,
    "p95_ms": 2659.525625000242
  },
  "retrieval": {
    "count": 27,
    "mean_ms": 640.2235309252757,
    "p50_ms": 88.61608296865597,
    "p95_ms": 114.80799998389557
  }
}